{
  "CARD_SECRET_FEE": "Phí mất thẻ",
  "CUST_TIME_LOST_CARD": "Thời gian mất thẻ",
  "NOTICE_OF_LOST_CARD": "Thông báo mất thẻ",
  "NUMBER_OF_RECEIPTS": "Số phiếu thu",
  "STAFF_EXTENSION": "Nhân viên gia hạn",
  "FROM_DAY": "Từ ngày",
  "NO_DATA_AVAILABLE_IN_TABLE": "Không có dữ liệu",
  "CURRENT": "dòng",
  "OF": "của",
  "PAGE_SIZE": "Số dòng hiển thị",
  "TO": "Đến",
  "SHOW": "Hiển thị",
  "PREVIOUS": "trước",
  "NEXT": "Tiếp",
  "PROCESSING_DATA": "Đang xử lý dữ liệu. Xin vui lòng không tắt trình duyệt!",
  "SUBTRACT_EVERYTHING_ON_THE_EXPIRATION_DATE": "Trừ tất cả vào ngày hết hạn",
  "PAPERS_ON_THE_BACK": "Giấy tờ mặt sau",
  "FRONT_VIEW_PAPERS": "Giấy tờ mặt trước",
  "PHOTO_BEHIND": "Hình chụp đằng sau",
  "FACE_PHOTO": "Hình chụp mặt",
  "NUMBER_OF_PAYMENT_MONTHS": "Số tháng đóng tiền",
  "CUST_SURPLUS": "Tổng tiền còn lại",
  "CUST_PAYMENT_HISTORY": "Lịch sử đóng tiền",
  "CARD_LOST_REPORT_SHORT": "TB Mất thẻ",
  "RETURN_CARD": "Trả thẻ",
  "SETTING_LANGUAGE": "Cài đặt ngôn ngữ tiếng việt",
  "EDIT_TRANSLATION": "Chỉnh sửa bản dịch",
  "SAVE": "Lưu",
  "VEHICLE_DATA_INOUT": "Dữ liệu vào ra",
  "MONTH_REVENUE": "Báo cáo doanh thu tháng",
  "OBJECT_REVENUE": "Báo cáo đăng kí thẻ",
  "DAY_REVENUE": "Báo cáo doanh thu ngày",
  "CIO_REVENUE": "Báo cáo doanh thu",
  "CUST_LIST": "Danh sách khách hàng",
  "MAIN_DSTAT": "Báo cáo doanh thu",
  "MAIN_LOST_CARD_REPORT": "Danh sách mất thẻ",
  "LOG_USERNAME": "Người dùng",
  "CUSTOMER": "Khách hàng",
  "LIST_PLACE": "Danh sách cơ sở",
  "BLACK_LIST": "Danh sách đen",
  "LOGIN_LOGOUT": "Đăng xuất",
  "ADD_CUSTOMER": "Thêm khách hàng",
  "CARD_RESGISTRATION": "Đăng kí thẻ",
  "FROM": "Từ",
  "SET_VEHICLE": "Loại đối tượng",
  "CUS_TYPE": "Loại khách hàng",
  "PAYMENT_TYPE": "Hình thức T.Toán",
  "VEHICLE_DATA_TYPE": "Loại dữ liệu",
  "COM_LIST": "Danh sách máy trạm",
  "SEARCH_FIELD": "Thông tin tìm kiếm",
  "SEARCH_CONTENT": "Nội dung tìm kiếm",
  "VEHICLE_IN_PARK": "Đối tượng chưa ra bãi",
  "SEARCH": "tìm kiếm",
  "VIEW_REVENUE": "Xem doanh thu",
  "SAVE_CONFIGURATION": "Lưu cấu hình",
  "REPORT_VACANCIES": "Báo cáo chỗ trống",
  "TOTAL": "Tổng cộng",
  "VEHICLE_DATA": "Dữ liệu xe",
  "ALL": "Tất cả",
  "CUSTOMER_REGISTER_INOUT": "Dữ liệu khách hàng",
  "CARD_CODE": "Mã thẻ",
  "CUST_CODE": "Mã khách hàng",
  "CARD_CODE_NOW": "ID nhân viên hiện tại",
  "ID_CARD": "ID thẻ",
  "CARD_CODE_IN_OUT": "ID nhân viên đã xóa",
  "isSearchExact": "Tìm kiếm chính xác",
  "CUST_FULL_NAME": "Họ tên",
  "CUST_PHONE_NUMBER": "Số điện thoại",
  "VEHICLE_NUMBER_PLATE": "Biến số xe",
  "COMPANY": "Công ty",
  "CUSTOMERDEPARTMENT": "Căn hộ",
  "DEPARTMENT": "Phòng ban",
  "CUST_TIME_PARKING": "Tổng thời lượng",
  "WIDTH": "Chiều rộng",
  "NUMBER_IMAGE": "Hình số",
  "VEHICLE_DATA_TOTAL_HEADER": "Tổng số lượt xe vào/ra và doanh thu.",
  "VEHICLE_DATA_TOTAL_NOTE": "(*) Lưu ý: Doanh thu không bao gồm vé tháng",
  "TURN_IN_OUT": "Lượt vào/ra",
  "VEHICLE_DATA_REVENUE": "Doanh thu",
  "TABLE_VEHICLE_DATA_REVENUE": "Bảng doanh thu",
  "CLOSE": "Đóng",
  "IMAGE_IN_AND_OUT": "Hình ảnh vào ra",
  "LANGUAGE": "Ngôn ngữ",
  "SELECT_LANGUAGE": "Chọn ngôn ngữ",
  "ENGLISH": "Tiếng anh",
  "SET_STATION_NAME": "Tên máy trạm",
  "DSTAT_STAFF": "Nhân viên bảo vệ",
  "VEHICLE_DATA_TOTAL_PRICE": "Tổng tiền",
  "NOT_GROUP_BY_STATION_USER": "Không phân loại dữ liệu theo máy trạm và nhân viên bảo vệ",
  "STATISTIC": "Thống kê",
  "SEARCH_BY": "Tìm kiếm theo",
  "VIEW_MODE": "Chế độ xem",
  "TRANSACTION_IN_OUT": "Giao dịch vào ra",
  "TRANSACTION_OUT": "Giao dịch ra",
  "TRANSACTION_IN": "Giao dịch vào",
  "TIME_IN_OUT": "Thời điểm VÀO/RA",
  "TIME_IN": "Thời điểm VÀO",
  "TIME_OUT": "Thời điểm RA",
  "SEE_FULL": "Xem đầy đủ",
  "HIDE_CLIENT": "Ẩn máy trạm",
  "HIDE_CLIENT_AND_EMPLOYEE": "Ẩn máy trạm và nhân viên",
  "TYPE_VALUE": "Phân loại theo mệnh giá",
  "TYPE_PLATE_AND_TIME": "Phân loại theo biển số xe và thời lượng",
  "CARD_CODE_IN": "Mã thẻ vào",
  "CARD_CODE_OUT": "Mã thẻ ra",
  "INVOICE_NUMBER": "Mã hoá đơn",
  "VEHICLE_TYPE": "Loại đối tượng",
  "CUST_TIME_IN": "Thời gian vào",
  "CUST_TIME_OUT": "Thời gian ra",
  "COM_STATUS": "Trạng thái",
  "LOG_STATION": "Máy trạm",
  "CUST_VEHICLE_PLATE_NUMBER": "Biển số xe",
  "TICKET_LOSS_FEE": "Phí mất vé",
  "DSTAT_TIMESTAMP": "Thời điểm",
  "CONTROL_PROTECTION": "Bảo vệ kiểm soát",
  "CUST_DOC_ID": "ID Nhân Viên",
  "CARD_STATUS": "Tình trang thẻ",
  "CUST_DOC_TYPE": "Loại giấy tờ",
  "SEARCH_EXACTLY": "Tìm kiếm chính xác",
  "CUST_APARTMENT": "Căn hộ",
  "CUST_PAYMENT_TYPE": "Thanh toán",
  "NUMBER_OF_CARD_REGIS": "Số lượng thẻ đăng kí",
  "NUMBER_OF_CARD_CANCLE": "Số lượng thẻ hủy",
  "NUMBER_OF_CARD_NOW": "Số lượng thẻ hiện tại",
  "TIME_START": "Thời gian bắt đầu",
  "TIME_END": "Thời gian kết thúc",
  "TOTAL_NUMBER": "Tổng số lượt",
  "UPDATE_TIME": "Thời gian cập nhật",
  "PAYMENTS": "Hình thức thanh toán",
  "CREATOR": "Người tạo",
  "CUST_EXPORT_DATE": "Ngày xuất",
  "CUST_DATE_OFF_CARD_ISSUE": "Ngày cấp thẻ",
  "CUST_PAYMENT_DATE": "Ngày đóng tiền",
  "CUST_EXPIRATION_DATE": "Ngày hết hạn",
  "CANCEL_SEARCH": "Hủy tìm kiếm",
  "CREATE": "Tạo mới",
  "UPDATE": "Cập nhật",
  "DELETE": "Xóa",
  "DATABASE_CONFIGURATION": "Cấu hình cơ sở dữ liệu",
  "TITLE_CONFIGURATION": "Cấu hình tiêu đề",
  "DATABASE_NAME": "Tên cơ sở dữ liệu",
  "SERVER": "Máy chủ",
  "USERNAME": "Tài khoản",
  "PASSWORD": "Mật khẩu",
  "CARD_TYPE": "Loại thẻ",
  "REGISTRATION_TIME": "Thời gian đăng kí",
  "CARD_CANCELLATION_TIME": "Thời gian hủy thẻ",
  "CARD_REGISTRANT": "Người đăng kí thẻ",
  "CARD_CANCELLATION_PERSON": "Người hủy thẻ",
  "CUST_CARD_STATUS": "Tình trạng thẻ",
  "UPDATE_CARD_STATUS": "Cập nhật trạng thái thẻ",
  "FUNCTION": "Chức năng",
  "TIME_CREATED": "Ngày tạo",
  "TIME_MODIFIED": "Ngày cập nhật",
  "USER_UPDATED": "Người cập nhật",
  "NOTE": "Ghi chú",
  "USER_NAME": "Tên đăng nhập",
  "USER_DELETE": "Xóa tài khoản",
  "USER_CREATED": "Thời gian tạo",
  "USER_MODIFIED": "Thời gian sửa",
  "AC_PRIVILEGE": "Quyền",
  "SHOW_PASSWORD": "Hiện mật khẩu",
  "DAILY_CARD": "Thẻ ngày",
  "MONTHLY_CARD": "Thẻ khách tháng",
  "LOGIN_CARD": "Thẻ đăng nhập",
  "DELETE_CARD": "Thẻ xóa",
  "CODE_BILL": "Mã hóa đơn",
  "TICKET_PRICE": "Tiền vé",
  "DSTAT_STAFF_IN": "Nhân viên bảo vệ lúc vào",
  "DSTAT_STAFF_OUT": "Nhân viên bảo vệ lúc ra",
  "ADDRESS": "Địa chỉ",
  "CUST_DOC_DATE_OF_ISSUE": "Ngày cấp",
  "CUST_DOC_PLACE_OF_ISSUE": "Nơi cấp",
  "TIME": "Thời gian",
  "YSTAT_MONTH": "Tháng",
  "REQUIRED_INFO": "Thông tin bắt buộc",
  "UNDEFIED": "Không xác định",
  "CUST_TYPE_VISITOR": "Khách vãng lai",
  "CUST_TYPE_MONTHLY": "Khách tháng",
  "CUST_STAFF": "Nhân viên",
  "CUST_PAYMENT_NONE": "Không tính tiền",
  "CUST_PAYMENT_DAY": "Tính theo ngày",
  "CUST_PAYMENT_TURN": "Tính tiền lượt",
  "CUST_PAYMENT_MONTH": "Tính theo tháng",
  "AC_OTHER_INFO": "Thông tin khác",
  "CUST_VEHICLE_BRAND": "Hiệu xe",
  "VEHICLE_DATA_WEIGHT_OF_CAR_BODY": "KL thùng xe",
  "VEHICLE_DATA_UNIT": "ĐVT",
  "SEX": "Giới tính",
  "MALE": "Nam",
  "FEMALE": "Nữ",
  "CUST_POSITION": "Chức vụ",
  "IMAGE": "Hình ảnh",
  "PAY_IN": "Đóng tiền",
  "LOG_ACTION_SAVE_CUSTOMER": "Lưu thông tin khách hàng",
  "RETRUN_TO_CUSTOMER_LIST": "Trở về danh sách KH",
  "ABORT": "Hủy bỏ",
  "EDIT": "Chỉnh sửa",
  "CUST_CASHIER": "Nhân viên thu tiền",
  "CUST_PAYMENT": "Số tiền đóng",
  "REMAINFEE": "Số tiền còn lại",
  "DISCOUNT": "Phí cược thẻ/Phí trả thẻ",
  "RECEIPT": "Phiếu thu",
  "CUST_MONTH_PAYMENT_TYPE": "Loại đóng tiền",
  "CUST_REMAINING_AMOUNT": "Số tiền còn lại",
  "DSTAT_CHECK_IN": "Số lượng vào",
  "DSTAT_CHECK_OUT": "Số lượng ra",
  "QUANTITY": "Số lượng",
  "UNIT_PRICE": "Đơn giá",
  "CUST_TOTAL_AMOUNT": "Tổng tiền đóng",
  "PAY_LIST": "Danh sách đóng tiền",
  "CUST_UPDATE_INFO": "Cập nhật thông tin khách hàng",
  "CUST_RENEWAL_FOR_MONTHLY_PAID_GUESTS": "Gia hạn dành cho khách tháng đóng tiền tính theo tháng",
  "SUBTRACT_MONEY_FROM_EACH_USE": "Trừ tiền vào mỗi lần sử dụng",
  "PAYMENT_MONTH": "Tháng đóng tiền",
  "IMAGE_PROCESSING": "Xử lí hình ảnh",
  "ADD_USERS": "Thêm người dùng",
  "RESET_PASSWORD_FOR": "Đặt lại mật khẩu cho",
  "LOGIN": "Đăng nhập",
  "REMEMBER_PASSWORD": "Nhớ mật khẩu",
  "FORGOT_PASSWORD": "Quên mật khẩu",
  "HOME": "Trang chủ",
  "REGISTER": "Đăng kí",
  "PLACE_MANAGEMENT": "Quản lí cơ sở",
  "WEIGHING_STATION": "Trạm cân",
  "PLACE_NAME": "Tên cơ sở",
  "PLACE_TYPE": "Loại cơ sở",
  "CHANGE_PASSWORD": "Đổi mật khẩu",
  "CREATE_ACCOUNT": "Tạo tài khoản",
  "MANAGER_ACCOUNT": "Quản lí tài khoản",
  "OLD_PASSWORD": "Mật khẩu cũ",
  "NEW_PASSWORD": "Mật khẩu mới",
  "RETYPE_PASSWORD": "Nhập lại mật khẩu",
  "PORT": "Cổng",
  "PLACE_LIST_IS_NOT_AVARIABLE": "Danh sách cơ sở chưa có",
  "ADD": "Thêm",
  "ACCOUNT_LIST": "Danh sách tài khoản",
  "AUTHORIZATION": "Cấp quyền",
  "COFIRM": "Xác nhận",
  "ADD_SUCCESS": "Thêm thành công",
  "YOU_WANT_TO_ADD_THIS_PLACE": "Bạn muốn thêm cơ sở này",
  "PLACE": "Cơ sở",
  "LIST_PLACE_WEIGHING_STATION": "Danh sách cơ sở trạm cân",
  "ADD_PLACE": "Thêm cơ sở",
  "TEST": "Kiểm tra",
  "LIST_OF_ALL_PLACE": "Danh sách tất cả các cơ sở",
  "DELETE_THIS_PLACE": "Xóa cơ sở này",
  "PLACE_DETAIL": "Chi tiết cơ sở",
  "KEYWORD": "Từ khóa",
  "VALUE": "Giá trị",
  "VIEWAGGREGATEDATA": "Xem dữ liệu tổng hợp",
  "AUTO_RELOAD_DATA": "Tự động tải lại dữ liệu",
  "UNIT_IS_MINUTES": "Đơn vị là phút",
  "DATE_OF_BIRTH": "Ngày sinh",
  "DATE_OF_ISSUANCE_OF_ENTRANCE_CARD": "Ngày cấp thẻ vào ra",
  "TRAINING_DAY": "Ngày huấn luyện",
  "EXPIRATION_DATE_IN_AND_OUT": "Ngày hết hạn vào ra",
  "INSURANCE_EXPIRATION_DATE": "Ngày hết hạn bảo hiểm",
  "CONTRACT_EXPIRATION_DATE": "Ngày hết hạn hợp đồng",
  "CANNOT_CONNECT_TO_SERVER": "không kết nối được server",
  "TYPE_OF_DEVICE": "Loại thiết bị"
}